factor,IC,ICIR,IC_abs
price_volume,-0.012253217247857828,-0.48884144106578503,0.012253217247857828
